"user", "entry_permalink"
"AfouToPatisa", "https://www.reddit.com/r/raspberry_pi/comments/40idxl/another_raspberry_pi_0_giveaway/cyukdxl"
"zeug666", "https://www.reddit.com/r/raspberry_pi/comments/40idxl/another_raspberry_pi_0_giveaway/cyueg8l"
"iLrkRddrt", "https://www.reddit.com/r/raspberry_pi/comments/40idxl/another_raspberry_pi_0_giveaway/cyuv1d2"
"MmmPi314", "https://www.reddit.com/r/raspberry_pi/comments/40idxl/another_raspberry_pi_0_giveaway/cyuvcop"
"nssdrone", "https://www.reddit.com/r/raspberry_pi/comments/40idxl/another_raspberry_pi_0_giveaway/cyuhm8q"
"Slippery_Fat_Man", "https://www.reddit.com/r/raspberry_pi/comments/40idxl/another_raspberry_pi_0_giveaway/cyukbcv"
"AngryDemonoid", "https://www.reddit.com/r/raspberry_pi/comments/40idxl/another_raspberry_pi_0_giveaway/cyuqo2m"
"PotatoTime", "https://www.reddit.com/r/raspberry_pi/comments/40idxl/another_raspberry_pi_0_giveaway/cyuucbq"
"Grizborne", "https://www.reddit.com/r/raspberry_pi/comments/40idxl/another_raspberry_pi_0_giveaway/cyuv8t8"
"tuxedoorigin", "https://www.reddit.com/r/raspberry_pi/comments/40idxl/another_raspberry_pi_0_giveaway/cyupct9"
"PapaNixon", "https://www.reddit.com/r/raspberry_pi/comments/40idxl/another_raspberry_pi_0_giveaway/cyue8cs"
"DuduMaroja", "https://www.reddit.com/r/raspberry_pi/comments/40idxl/another_raspberry_pi_0_giveaway/cyujw4v"
"bearpawchild", "https://www.reddit.com/r/raspberry_pi/comments/40idxl/another_raspberry_pi_0_giveaway/cyuq28i"
"G2nickk", "https://www.reddit.com/r/raspberry_pi/comments/40idxl/another_raspberry_pi_0_giveaway/cyuq5w6"
"knightress_oxhide", "https://www.reddit.com/r/raspberry_pi/comments/40idxl/another_raspberry_pi_0_giveaway/cyur1lr"
"BAUDR8", "https://www.reddit.com/r/raspberry_pi/comments/40idxl/another_raspberry_pi_0_giveaway/cyur9fi"
"zomgitsduke", "https://www.reddit.com/r/raspberry_pi/comments/40idxl/another_raspberry_pi_0_giveaway/cyusofy"
"asher95", "https://www.reddit.com/r/raspberry_pi/comments/40idxl/another_raspberry_pi_0_giveaway/cyutc6a"
"Buckwheat469", "https://www.reddit.com/r/raspberry_pi/comments/40idxl/another_raspberry_pi_0_giveaway/cyuw652"
"lupedog", "https://www.reddit.com/r/raspberry_pi/comments/40idxl/another_raspberry_pi_0_giveaway/cyuxbs0"
"ArrrGaming", "https://www.reddit.com/r/raspberry_pi/comments/40idxl/another_raspberry_pi_0_giveaway/cyuxiei"
"AgnosticAndroid", "https://www.reddit.com/r/raspberry_pi/comments/40idxl/another_raspberry_pi_0_giveaway/cyv1ssv"
"LeanOnIt", "https://www.reddit.com/r/raspberry_pi/comments/40idxl/another_raspberry_pi_0_giveaway/cyv36p7"
"Bnightwing", "https://www.reddit.com/r/raspberry_pi/comments/40idxl/another_raspberry_pi_0_giveaway/cyv3fih"
"robsoft", "https://www.reddit.com/r/raspberry_pi/comments/40idxl/another_raspberry_pi_0_giveaway/cyv8yuy"
"Flutfar", "https://www.reddit.com/r/raspberry_pi/comments/40idxl/another_raspberry_pi_0_giveaway/cyv933d"
"XjCrazy09", "https://www.reddit.com/r/raspberry_pi/comments/40idxl/another_raspberry_pi_0_giveaway/cyva4lh"
"Articar", "https://www.reddit.com/r/raspberry_pi/comments/40idxl/another_raspberry_pi_0_giveaway/cyvau0w"
"dayv2005", "https://www.reddit.com/r/raspberry_pi/comments/40idxl/another_raspberry_pi_0_giveaway/cyvghzv"
"Kintonsu", "https://www.reddit.com/r/raspberry_pi/comments/40idxl/another_raspberry_pi_0_giveaway/cywc7hl"
"playaspec", "https://www.reddit.com/r/raspberry_pi/comments/40idxl/another_raspberry_pi_0_giveaway/cywobka"
"Twospoons", "https://www.reddit.com/r/raspberry_pi/comments/40idxl/another_raspberry_pi_0_giveaway/cyuhwr5"
"DeividasV", "https://www.reddit.com/r/raspberry_pi/comments/40idxl/another_raspberry_pi_0_giveaway/cyuiq4g"
"moronotron", "https://www.reddit.com/r/raspberry_pi/comments/40idxl/another_raspberry_pi_0_giveaway/cyux299"
"lightswarm124", "https://www.reddit.com/r/raspberry_pi/comments/40idxl/another_raspberry_pi_0_giveaway/cyuzs1y"
"Jey_s_TeArS", "https://www.reddit.com/r/raspberry_pi/comments/40idxl/another_raspberry_pi_0_giveaway/cyv6m3z"
